Student ID,Level 5 Average,Level 6 Average,Final Grade,Final Mark,Modules Failed,level 5 Modules Used
0,76.9%,60.9%,(2:1) Upper Second Class,64.9,None,"Advanced Algorithms (84%), Systems Development (84%), Advanced SW Development (78%), Artificial Intelligence II (66%), Operating Systems (58%)"
1,72.6%,68.0%,(2:1) Upper Second Class,69.2,None,"Advanced SW Development (81%), Artificial Intelligence II (80%), Internet of Things (77%), Advanced Algorithms (65%), Systems Development (60%)"
2,70.8%,63.5%,(2:1) Upper Second Class,65.3,None,"Internet of Things (83%), Advanced Algorithms (78%), Advanced SW Development (70%), Artificial Intelligence II (69%), Operating Systems (67%), Systems Development (53%)"
3,70.1%,63.5%,(2:1) Upper Second Class,65.2,None,"Artificial Intelligence II (79%), Systems Development (77%), Operating Systems (73%), Internet of Things (68%), Advanced SW Development (56%)"
4,67.8%,65.2%,(2:1) Upper Second Class,65.9,None,"Operating Systems (82%), Advanced Algorithms (72%), Systems Development (72%), Artificial Intelligence II (66%), Internet of Things (61%), Advanced SW Development (41%)"
5,65.7%,65.9%,(2:1) Upper Second Class,65.8,None,"Advanced Algorithms (85%), Operating Systems (82%), Artificial Intelligence II (67%), Systems Development (56%), Advanced SW Development (55%)"
6,79.8%,63.4%,(2:1) Upper Second Class,67.5,None,"Advanced Algorithms (85%), Advanced SW Development (84%), Systems Development (80%), Internet of Things (74%), Artificial Intelligence II (67%)"
7,75.9%,74.6%,First Class,74.9,None,"Systems Development (85%), Operating Systems (84%), Internet of Things (74%), Advanced SW Development (68%), Artificial Intelligence II (63%)"
8,73.4%,56.9%,(2:1) Upper Second Class,61.0,None,"Systems Development (83%), Artificial Intelligence II (77%), Advanced SW Development (72%), Operating Systems (63%), Advanced Algorithms (59%)"
9,61.8%,62.9%,(2:1) Upper Second Class,62.6,None,"Advanced Algorithms (75%), Systems Development (73%), Advanced SW Development (57%), Operating Systems (46%), Artificial Intelligence II (46%)"
10,70.8%,64.0%,(2:1) Upper Second Class,65.7,None,"Systems Development (82%), Artificial Intelligence II (77%), Operating Systems (76%), Advanced Algorithms (65%), Advanced SW Development (54%)"
11,61.1%,64.5%,(2:1) Upper Second Class,63.7,None,"Advanced SW Development (77%), Artificial Intelligence II (76%), Internet of Things (59%), Advanced Algorithms (47%), Operating Systems (43%), Systems Development (43%)"
12,62.6%,58.0%,(2:2) Lower Second Class,59.2,None,"Systems Development (80%), Internet of Things (79%), Advanced Algorithms (57%), Operating Systems (48%), Artificial Intelligence II (45%), Advanced SW Development (43%)"
13,65.2%,59.9%,(2:1) Upper Second Class,61.2,None,"Advanced Algorithms (78%), Operating Systems (73%), Advanced SW Development (68%), Systems Development (56%), Artificial Intelligence II (53%)"
14,71.5%,75.1%,First Class,74.2,None,"Advanced SW Development (84%), Systems Development (73%), Internet of Things (64%), Advanced Algorithms (61%), Operating Systems (56%)"
15,66.6%,61.8%,(2:1) Upper Second Class,63.0,None,"Systems Development (80%), Operating Systems (70%), Advanced Algorithms (64%), Advanced SW Development (57%), Internet of Things (54%)"
16,63.8%,52.2%,(2:2) Lower Second Class,55.1,None,"Advanced Algorithms (76%), Internet of Things (73%), Systems Development (68%), Artificial Intelligence II (55%), Advanced SW Development (51%)"
17,66.5%,59.8%,(2:1) Upper Second Class,61.5,None,"Advanced SW Development (76%), Artificial Intelligence II (64%), Advanced Algorithms (63%), Systems Development (63%), Internet of Things (58%)"
18,65.3%,59.0%,(2:1) Upper Second Class,60.6,None,"Operating Systems (80%), Advanced SW Development (78%), Internet of Things (67%), Advanced Algorithms (56%), Systems Development (46%)"
19,67.8%,66.8%,(2:1) Upper Second Class,67.0,None,"Advanced SW Development (80%), Internet of Things (80%), Systems Development (65%), Advanced Algorithms (53%), Operating Systems (43%)"
20,75.2%,65.6%,(2:1) Upper Second Class,68.0,None,"Operating Systems (85%), Internet of Things (84%), Systems Development (83%), Artificial Intelligence II (83%), Advanced Algorithms (54%), Advanced SW Development (44%)"
21,73.9%,60.8%,(2:1) Upper Second Class,64.0,None,"Systems Development (84%), Internet of Things (82%), Advanced Algorithms (79%), Operating Systems (73%), Artificial Intelligence II (64%), Advanced SW Development (40%)"
22,67.8%,60.6%,(2:1) Upper Second Class,62.4,None,"Artificial Intelligence II (82%), Advanced Algorithms (75%), Internet of Things (67%), Operating Systems (64%), Systems Development (63%), Advanced SW Development (57%)"
23,66.6%,66.0%,(2:1) Upper Second Class,66.2,None,"Advanced SW Development (85%), Artificial Intelligence II (73%), Operating Systems (59%), Advanced Algorithms (57%), Systems Development (51%)"
24,63.5%,57.4%,(2:2) Lower Second Class,58.9,None,"Systems Development (66%), Internet of Things (65%), Advanced SW Development (63%), Operating Systems (62%), Advanced Algorithms (58%)"
25,55.0%,64.9%,(2:1) Upper Second Class,62.4,None,"Operating Systems (80%), Internet of Things (67%), Artificial Intelligence II (54%), Advanced SW Development (47%), Systems Development (43%)"
26,56.4%,63.2%,(2:1) Upper Second Class,61.5,None,"Internet of Things (76%), Advanced Algorithms (65%), Advanced SW Development (57%), Operating Systems (51%), Systems Development (42%)"
27,69.8%,67.9%,(2:1) Upper Second Class,68.4,None,"Advanced Algorithms (85%), Systems Development (75%), Artificial Intelligence II (70%), Operating Systems (67%), Internet of Things (58%), Advanced SW Development (53%)"
28,62.2%,64.6%,(2:1) Upper Second Class,64.0,None,"Internet of Things (80%), Artificial Intelligence II (78%), Advanced SW Development (57%), Systems Development (55%), Advanced Algorithms (49%)"
29,59.6%,47.4%,(2:2) Lower Second Class,50.4,None,"Operating Systems (76%), Artificial Intelligence II (72%), Internet of Things (64%), Advanced SW Development (57%), Systems Development (43%)"
30,64.2%,60.0%,(2:1) Upper Second Class,61.0,None,"Systems Development (81%), Artificial Intelligence II (71%), Internet of Things (67%), Advanced Algorithms (58%), Advanced SW Development (42%)"
31,65.7%,63.9%,(2:1) Upper Second Class,64.3,None,"Operating Systems (75%), Systems Development (75%), Advanced Algorithms (64%), Internet of Things (62%), Advanced SW Development (52%)"
32,58.8%,64.1%,(2:1) Upper Second Class,62.8,None,"Advanced Algorithms (81%), Systems Development (66%), Advanced SW Development (49%), Internet of Things (49%), Artificial Intelligence II (48%)"
33,54.2%,57.9%,(2:2) Lower Second Class,57.0,None,"Advanced Algorithms (80%), Internet of Things (54%), Operating Systems (51%), Advanced SW Development (50%), Systems Development (46%)"
34,59.5%,70.2%,(2:1) Upper Second Class,67.6,None,"Advanced Algorithms (83%), Operating Systems (80%), Advanced SW Development (51%), Systems Development (50%), Internet of Things (48%)"
35,67.8%,62.5%,(2:1) Upper Second Class,63.8,None,"Systems Development (83%), Artificial Intelligence II (75%), Internet of Things (70%), Advanced Algorithms (59%), Operating Systems (50%), Advanced SW Development (48%)"
36,49.7%,57.1%,(2:2) Lower Second Class,55.3,None,"Advanced Algorithms (60%), Operating Systems (59%), Artificial Intelligence II (53%), Advanced SW Development (44%), Internet of Things (44%), Systems Development (41%)"
37,70.5%,54.4%,(2:2) Lower Second Class,58.4,None,"Systems Development (85%), Advanced Algorithms (81%), Operating Systems (74%), Artificial Intelligence II (58%), Internet of Things (54%), Advanced SW Development (50%)"
38,72.8%,63.4%,(2:1) Upper Second Class,65.7,None,"Systems Development (84%), Advanced Algorithms (77%), Operating Systems (75%), Advanced SW Development (64%), Artificial Intelligence II (56%)"
39,65.5%,71.9%,First Class,70.3,None,"Artificial Intelligence II (75%), Operating Systems (72%), Advanced Algorithms (71%), Internet of Things (61%), Systems Development (59%), Advanced SW Development (59%)"
40,71.4%,66.8%,(2:1) Upper Second Class,67.9,None,"Operating Systems (77%), Advanced Algorithms (75%), Systems Development (70%), Advanced SW Development (69%), Artificial Intelligence II (69%)"
41,64.5%,62.6%,(2:1) Upper Second Class,63.1,None,"Advanced Algorithms (77%), Artificial Intelligence II (71%), Advanced SW Development (67%), Internet of Things (59%), Operating Systems (55%), Systems Development (51%)"
42,52.4%,55.5%,(2:2) Lower Second Class,54.7,None,"Artificial Intelligence II (62%), Operating Systems (61%), Advanced SW Development (53%), Systems Development (46%), Advanced Algorithms (42%)"
43,64.5%,69.6%,(2:1) Upper Second Class,68.3,None,"Internet of Things (73%), Advanced Algorithms (65%), Advanced SW Development (65%), Systems Development (61%), Operating Systems (60%)"
44,69.2%,62.5%,(2:1) Upper Second Class,64.2,None,"Advanced SW Development (75%), Systems Development (73%), Advanced Algorithms (66%), Operating Systems (60%), Internet of Things (59%)"
45,65.2%,58.6%,(2:1) Upper Second Class,60.3,None,"Operating Systems (84%), Internet of Things (76%), Systems Development (68%), Advanced Algorithms (56%), Artificial Intelligence II (53%), Advanced SW Development (45%)"
46,62.0%,61.2%,(2:1) Upper Second Class,61.4,None,"Operating Systems (77%), Internet of Things (77%), Advanced Algorithms (73%), Systems Development (54%), Artificial Intelligence II (50%), Advanced SW Development (42%)"
47,70.6%,64.8%,(2:1) Upper Second Class,66.2,None,"Systems Development (85%), Advanced Algorithms (72%), Internet of Things (68%), Artificial Intelligence II (64%), Advanced SW Development (58%)"
48,72.7%,68.1%,(2:1) Upper Second Class,69.3,None,"Systems Development (83%), Advanced SW Development (78%), Artificial Intelligence II (66%), Operating Systems (61%), Advanced Algorithms (53%)"
49,68.2%,58.9%,(2:1) Upper Second Class,61.2,None,"Systems Development (81%), Advanced Algorithms (73%), Operating Systems (72%), Internet of Things (63%), Artificial Intelligence II (55%), Advanced SW Development (45%)"
50,72.2%,66.9%,(2:1) Upper Second Class,68.2,None,"Artificial Intelligence II (81%), Systems Development (80%), Advanced Algorithms (75%), Operating Systems (62%), Advanced SW Development (62%)"
51,69.5%,65.4%,(2:1) Upper Second Class,66.4,None,"Advanced SW Development (85%), Systems Development (73%), Artificial Intelligence II (60%), Operating Systems (55%), Internet of Things (49%)"
52,73.5%,65.6%,(2:1) Upper Second Class,67.6,None,"Operating Systems (77%), Advanced SW Development (75%), Advanced Algorithms (74%), Systems Development (71%), Internet of Things (71%)"
53,71.2%,50.4%,(2:2) Lower Second Class,55.6,None,"Artificial Intelligence II (83%), Advanced SW Development (81%), Operating Systems (80%), Advanced Algorithms (67%), Internet of Things (54%), Systems Development (43%)"
54,72.2%,72.9%,First Class,72.7,None,"Internet of Things (78%), Advanced SW Development (75%), Operating Systems (71%), Artificial Intelligence II (69%), Systems Development (68%)"
55,50.6%,68.1%,(2:1) Upper Second Class,63.7,None,"Operating Systems (77%), Advanced Algorithms (52%), Internet of Things (47%), Systems Development (45%), Artificial Intelligence II (44%), Advanced SW Development (41%)"
56,72.2%,64.6%,(2:1) Upper Second Class,66.5,None,"Advanced SW Development (82%), Advanced Algorithms (79%), Internet of Things (78%), Operating Systems (64%), Systems Development (58%)"
57,73.8%,66.4%,(2:1) Upper Second Class,68.2,None,"Advanced SW Development (85%), Internet of Things (79%), Systems Development (69%), Advanced Algorithms (66%), Artificial Intelligence II (58%)"
58,56.1%,62.4%,(2:1) Upper Second Class,60.8,None,"Advanced Algorithms (66%), Artificial Intelligence II (61%), Internet of Things (59%), Systems Development (55%), Advanced SW Development (47%)"
59,72.0%,61.0%,(2:1) Upper Second Class,63.8,None,"Internet of Things (82%), Operating Systems (81%), Systems Development (79%), Artificial Intelligence II (66%), Advanced SW Development (56%)"
60,64.0%,57.1%,(2:2) Lower Second Class,58.9,None,"Advanced Algorithms (81%), Systems Development (64%), Artificial Intelligence II (63%), Internet of Things (60%), Advanced SW Development (57%)"
61,62.8%,62.5%,(2:1) Upper Second Class,62.6,None,"Advanced Algorithms (85%), Advanced SW Development (68%), Systems Development (63%), Artificial Intelligence II (43%), Internet of Things (43%)"
62,58.9%,63.5%,(2:1) Upper Second Class,62.4,None,"Internet of Things (81%), Advanced Algorithms (78%), Artificial Intelligence II (53%), Systems Development (52%), Advanced SW Development (46%)"
63,73.9%,63.4%,(2:1) Upper Second Class,66.0,None,"Advanced SW Development (80%), Advanced Algorithms (74%), Artificial Intelligence II (71%), Internet of Things (71%), Systems Development (70%)"
64,72.0%,65.6%,(2:1) Upper Second Class,67.2,None,"Internet of Things (81%), Systems Development (77%), Artificial Intelligence II (72%), Advanced SW Development (67%), Advanced Algorithms (58%)"
65,62.4%,65.5%,(2:1) Upper Second Class,64.7,None,"Systems Development (75%), Operating Systems (70%), Artificial Intelligence II (58%), Advanced SW Development (54%), Internet of Things (45%)"
66,76.4%,49.8%,(2:2) Lower Second Class,56.4,None,"Advanced Algorithms (85%), Internet of Things (83%), Advanced SW Development (77%), Systems Development (76%), Operating Systems (53%)"
67,57.5%,62.9%,(2:1) Upper Second Class,61.5,None,"Internet of Things (68%), Artificial Intelligence II (61%), Systems Development (59%), Advanced SW Development (52%), Advanced Algorithms (48%)"
68,67.8%,58.2%,(2:1) Upper Second Class,60.6,None,"Advanced SW Development (83%), Internet of Things (79%), Artificial Intelligence II (78%), Operating Systems (50%), Advanced Algorithms (48%), Systems Development (47%)"
69,69.0%,59.1%,(2:1) Upper Second Class,61.6,None,"Advanced SW Development (79%), Advanced Algorithms (74%), Operating Systems (65%), Systems Development (61%), Internet of Things (61%)"
70,79.2%,65.4%,(2:1) Upper Second Class,68.8,None,"Systems Development (85%), Advanced SW Development (79%), Artificial Intelligence II (78%), Advanced Algorithms (75%), Operating Systems (70%)"
71,71.0%,66.0%,(2:1) Upper Second Class,67.2,None,"Advanced SW Development (74%), Systems Development (72%), Artificial Intelligence II (72%), Internet of Things (69%), Advanced Algorithms (60%)"
72,69.3%,58.0%,(2:1) Upper Second Class,60.8,None,"Advanced Algorithms (84%), Advanced SW Development (73%), Artificial Intelligence II (67%), Internet of Things (65%), Systems Development (60%)"
73,68.5%,60.8%,(2:1) Upper Second Class,62.7,None,"Operating Systems (85%), Systems Development (79%), Advanced SW Development (65%), Internet of Things (51%), Advanced Algorithms (49%)"
74,55.0%,52.6%,(2:2) Lower Second Class,53.2,None,"Operating Systems (78%), Internet of Things (72%), Artificial Intelligence II (51%), Systems Development (47%), Advanced Algorithms (43%), Advanced SW Development (43%)"
75,56.8%,62.6%,(2:1) Upper Second Class,61.2,None,"Operating Systems (74%), Advanced Algorithms (63%), Advanced SW Development (55%), Artificial Intelligence II (55%), Internet of Things (49%), Systems Development (41%)"
76,70.3%,68.2%,(2:1) Upper Second Class,68.8,None,"Operating Systems (85%), Advanced SW Development (73%), Systems Development (71%), Advanced Algorithms (58%), Artificial Intelligence II (57%)"
77,59.6%,57.6%,(2:2) Lower Second Class,58.1,None,"Artificial Intelligence II (83%), Advanced Algorithms (71%), Internet of Things (56%), Advanced SW Development (53%), Systems Development (49%)"
78,62.0%,64.9%,(2:1) Upper Second Class,64.1,None,"Advanced Algorithms (79%), Internet of Things (75%), Operating Systems (68%), Systems Development (53%), Advanced SW Development (51%)"
79,71.7%,65.2%,(2:1) Upper Second Class,66.9,None,"Systems Development (80%), Internet of Things (80%), Advanced SW Development (68%), Advanced Algorithms (62%), Operating Systems (60%)"
80,71.3%,64.0%,(2:1) Upper Second Class,65.8,None,"Advanced Algorithms (85%), Advanced SW Development (80%), Systems Development (76%), Operating Systems (47%), Internet of Things (47%)"
81,74.4%,64.9%,(2:1) Upper Second Class,67.3,None,"Systems Development (79%), Advanced SW Development (78%), Operating Systems (72%), Internet of Things (72%), Advanced Algorithms (57%)"
82,72.6%,66.8%,(2:1) Upper Second Class,68.2,None,"Systems Development (83%), Advanced Algorithms (75%), Artificial Intelligence II (70%), Operating Systems (68%), Advanced SW Development (63%)"
83,61.5%,54.4%,(2:2) Lower Second Class,56.2,None,"Artificial Intelligence II (84%), Advanced SW Development (63%), Advanced Algorithms (62%), Operating Systems (56%), Internet of Things (53%), Systems Development (44%)"
84,63.9%,62.9%,(2:1) Upper Second Class,63.1,None,"Artificial Intelligence II (83%), Advanced SW Development (71%), Systems Development (60%), Advanced Algorithms (51%), Internet of Things (45%)"
85,65.8%,58.0%,(2:2) Lower Second Class,60.0,None,"Operating Systems (80%), Artificial Intelligence II (72%), Systems Development (71%), Advanced Algorithms (70%), Advanced SW Development (45%)"
86,70.7%,68.1%,(2:1) Upper Second Class,68.8,None,"Advanced SW Development (84%), Operating Systems (80%), Artificial Intelligence II (66%), Advanced Algorithms (62%), Systems Development (57%)"
87,67.3%,56.2%,(2:2) Lower Second Class,59.0,None,"Operating Systems (84%), Advanced SW Development (78%), Internet of Things (70%), Artificial Intelligence II (59%), Systems Development (48%)"
88,69.4%,65.5%,(2:1) Upper Second Class,66.5,None,"Advanced Algorithms (85%), Advanced SW Development (77%), Internet of Things (67%), Artificial Intelligence II (63%), Operating Systems (57%), Systems Development (55%)"
89,61.0%,65.9%,(2:1) Upper Second Class,64.7,None,"Internet of Things (70%), Advanced Algorithms (66%), Operating Systems (65%), Systems Development (60%), Artificial Intelligence II (56%), Advanced SW Development (45%)"
90,66.5%,60.5%,(2:1) Upper Second Class,62.0,None,"Operating Systems (85%), Artificial Intelligence II (85%), Internet of Things (73%), Advanced SW Development (65%), Advanced Algorithms (42%), Systems Development (42%)"
91,64.3%,63.0%,(2:1) Upper Second Class,63.3,None,"Internet of Things (82%), Advanced Algorithms (75%), Artificial Intelligence II (72%), Operating Systems (66%), Systems Development (51%), Advanced SW Development (48%)"
92,69.4%,64.2%,(2:1) Upper Second Class,65.5,None,"Systems Development (74%), Operating Systems (70%), Advanced SW Development (70%), Artificial Intelligence II (64%), Internet of Things (61%)"
93,58.0%,69.8%,(2:1) Upper Second Class,66.8,None,"Advanced Algorithms (73%), Systems Development (67%), Advanced SW Development (50%), Artificial Intelligence II (50%), Operating Systems (45%)"
94,77.1%,56.9%,(2:1) Upper Second Class,61.9,None,"Advanced SW Development (84%), Operating Systems (83%), Systems Development (76%), Artificial Intelligence II (69%), Internet of Things (63%)"
95,62.5%,66.0%,(2:1) Upper Second Class,65.1,None,"Artificial Intelligence II (78%), Advanced Algorithms (63%), Internet of Things (63%), Operating Systems (62%), Advanced SW Development (57%), Systems Development (55%)"
96,76.1%,57.1%,(2:1) Upper Second Class,61.9,None,"Advanced SW Development (80%), Internet of Things (80%), Artificial Intelligence II (76%), Systems Development (73%), Operating Systems (68%)"
97,62.5%,63.5%,(2:1) Upper Second Class,63.3,None,"Operating Systems (83%), Internet of Things (82%), Artificial Intelligence II (73%), Advanced Algorithms (55%), Advanced SW Development (47%), Systems Development (45%)"
98,65.4%,65.9%,(2:1) Upper Second Class,65.8,None,"Internet of Things (85%), Artificial Intelligence II (77%), Systems Development (66%), Operating Systems (62%), Advanced SW Development (48%)"
99,67.2%,65.8%,Fail,0,Systems Development,"Advanced SW Development (83%), Artificial Intelligence II (77%), Advanced Algorithms (74%), Operating Systems (58%), Internet of Things (51%), Systems Development (33%)"
100,61.8%,58.6%,(2:2) Lower Second Class,59.4,None,"Advanced Algorithms (74%), Artificial Intelligence II (73%), Advanced SW Development (69%), Machine Learning (53%), Operating Systems (46%), Systems Development (42%)"
101,74.2%,53.2%,(2:2) Lower Second Class,58.5,None,"Advanced SW Development (82%), Artificial Intelligence II (82%), Advanced Algorithms (74%), Machine Learning (70%), Systems Development (63%)"
102,77.1%,67.8%,First Class,70.1,None,"Advanced SW Development (83%), Systems Development (81%), Machine Learning (72%), Advanced Algorithms (70%), Operating Systems (66%)"
103,63.5%,59.1%,(2:1) Upper Second Class,60.2,None,"Systems Development (82%), Advanced SW Development (59%), Artificial Intelligence II (55%), Operating Systems (52%), Machine Learning (52%)"
104,69.5%,60.5%,(2:1) Upper Second Class,62.8,None,"Systems Development (83%), Machine Learning (73%), Artificial Intelligence II (70%), Operating Systems (61%), Advanced SW Development (56%)"
105,62.1%,54.6%,(2:2) Lower Second Class,56.5,None,"Operating Systems (82%), Artificial Intelligence II (82%), Advanced Algorithms (72%), Advanced SW Development (49%), Machine Learning (49%), Systems Development (47%)"
106,69.3%,67.8%,(2:1) Upper Second Class,68.1,None,"Advanced SW Development (78%), Operating Systems (74%), Systems Development (66%), Machine Learning (62%), Advanced Algorithms (57%)"
107,65.6%,66.9%,(2:1) Upper Second Class,66.6,None,"Operating Systems (83%), Advanced SW Development (77%), Machine Learning (66%), Advanced Algorithms (58%), Artificial Intelligence II (47%), Systems Development (44%)"
108,64.6%,66.2%,(2:1) Upper Second Class,65.8,None,"Systems Development (79%), Machine Learning (71%), Advanced SW Development (61%), Artificial Intelligence II (49%), Advanced Algorithms (46%)"
109,64.0%,73.4%,First Class,71.0,None,"Advanced SW Development (68%), Artificial Intelligence II (67%), Systems Development (66%), Advanced Algorithms (63%), Machine Learning (43%)"
110,68.5%,68.2%,(2:1) Upper Second Class,68.3,None,"Systems Development (82%), Machine Learning (73%), Advanced SW Development (71%), Operating Systems (48%), Artificial Intelligence II (44%)"
111,75.5%,64.6%,(2:1) Upper Second Class,67.3,None,"Advanced SW Development (80%), Machine Learning (77%), Operating Systems (75%), Advanced Algorithms (73%), Systems Development (71%)"
112,65.2%,49.2%,(2:2) Lower Second Class,53.2,None,"Advanced SW Development (79%), Artificial Intelligence II (79%), Operating Systems (71%), Machine Learning (54%), Advanced Algorithms (44%), Systems Development (43%)"
113,67.8%,61.5%,(2:1) Upper Second Class,63.1,None,"Systems Development (81%), Advanced Algorithms (75%), Advanced SW Development (60%), Artificial Intelligence II (58%), Operating Systems (56%)"
114,73.5%,52.1%,(2:2) Lower Second Class,57.5,None,"Systems Development (84%), Advanced SW Development (74%), Machine Learning (66%), Artificial Intelligence II (65%), Operating Systems (64%)"
115,67.0%,66.2%,(2:1) Upper Second Class,66.4,None,"Advanced SW Development (82%), Machine Learning (70%), Advanced Algorithms (68%), Systems Development (57%), Operating Systems (46%)"
116,62.7%,52.4%,(2:2) Lower Second Class,55.0,None,"Machine Learning (79%), Artificial Intelligence II (76%), Systems Development (63%), Advanced Algorithms (57%), Advanced SW Development (48%)"
117,68.0%,59.1%,(2:1) Upper Second Class,61.3,None,"Artificial Intelligence II (85%), Advanced SW Development (83%), Machine Learning (61%), Operating Systems (58%), Advanced Algorithms (52%), Systems Development (47%)"
118,80.9%,59.8%,(2:1) Upper Second Class,65.0,None,"Advanced Algorithms (85%), Artificial Intelligence II (85%), Systems Development (81%), Advanced SW Development (81%), Machine Learning (68%)"
119,69.8%,65.4%,(2:1) Upper Second Class,66.5,None,"Systems Development (76%), Operating Systems (75%), Advanced SW Development (71%), Artificial Intelligence II (62%), Advanced Algorithms (52%)"
120,65.7%,62.9%,(2:1) Upper Second Class,63.6,None,"Artificial Intelligence II (85%), Advanced Algorithms (76%), Operating Systems (63%), Advanced SW Development (59%), Machine Learning (58%), Systems Development (57%)"
121,62.2%,58.5%,(2:2) Lower Second Class,59.4,None,"Advanced SW Development (82%), Machine Learning (61%), Advanced Algorithms (55%), Operating Systems (54%), Artificial Intelligence II (53%), Systems Development (42%)"
122,69.7%,51.4%,(2:2) Lower Second Class,55.9,None,"Advanced SW Development (80%), Machine Learning (80%), Operating Systems (78%), Artificial Intelligence II (73%), Advanced Algorithms (46%), Systems Development (41%)"
123,68.4%,57.2%,(2:1) Upper Second Class,60.0,None,"Artificial Intelligence II (75%), Advanced SW Development (73%), Machine Learning (72%), Operating Systems (66%), Advanced Algorithms (59%), Systems Development (57%)"
124,71.1%,62.6%,(2:1) Upper Second Class,64.7,None,"Machine Learning (85%), Systems Development (82%), Operating Systems (65%), Artificial Intelligence II (65%), Advanced SW Development (57%)"
125,64.8%,59.9%,(2:1) Upper Second Class,61.1,None,"Systems Development (74%), Operating Systems (70%), Machine Learning (62%), Artificial Intelligence II (59%), Advanced SW Development (56%)"
126,58.5%,67.0%,(2:1) Upper Second Class,64.9,None,"Systems Development (73%), Operating Systems (62%), Advanced Algorithms (60%), Artificial Intelligence II (52%), Machine Learning (43%), Advanced SW Development (40%)"
127,69.5%,67.5%,(2:1) Upper Second Class,68.0,None,"Advanced SW Development (85%), Artificial Intelligence II (85%), Operating Systems (74%), Machine Learning (66%), Advanced Algorithms (41%), Systems Development (41%)"
128,63.0%,67.5%,(2:1) Upper Second Class,66.4,None,"Machine Learning (77%), Operating Systems (68%), Systems Development (68%), Artificial Intelligence II (56%), Advanced SW Development (50%)"
129,68.1%,68.4%,(2:1) Upper Second Class,68.3,None,"Advanced Algorithms (82%), Artificial Intelligence II (82%), Operating Systems (79%), Systems Development (63%), Advanced SW Development (51%)"
130,76.1%,66.8%,(2:1) Upper Second Class,69.1,None,"Advanced SW Development (85%), Systems Development (77%), Machine Learning (75%), Artificial Intelligence II (69%), Advanced Algorithms (59%)"
131,64.8%,60.5%,(2:1) Upper Second Class,61.6,None,"Advanced Algorithms (82%), Artificial Intelligence II (76%), Operating Systems (64%), Machine Learning (63%), Systems Development (58%), Advanced SW Development (46%)"
132,64.2%,64.0%,(2:1) Upper Second Class,64.0,None,"Systems Development (79%), Advanced Algorithms (61%), Machine Learning (60%), Operating Systems (58%), Artificial Intelligence II (57%), Advanced SW Development (51%)"
133,74.0%,54.0%,(2:2) Lower Second Class,59.0,None,"Systems Development (84%), Advanced Algorithms (79%), Advanced SW Development (70%), Machine Learning (68%), Artificial Intelligence II (57%)"
134,63.0%,57.4%,(2:2) Lower Second Class,58.8,None,"Advanced SW Development (79%), Advanced Algorithms (76%), Artificial Intelligence II (64%), Machine Learning (48%), Operating Systems (45%), Systems Development (43%)"
135,63.2%,66.2%,(2:1) Upper Second Class,65.5,None,"Advanced Algorithms (81%), Operating Systems (75%), Artificial Intelligence II (68%), Systems Development (57%), Advanced SW Development (50%)"
136,59.5%,67.6%,(2:1) Upper Second Class,65.6,None,"Machine Learning (75%), Artificial Intelligence II (66%), Operating Systems (57%), Systems Development (56%), Advanced Algorithms (54%), Advanced SW Development (49%)"
137,55.1%,60.0%,(2:2) Lower Second Class,58.8,None,"Advanced Algorithms (73%), Advanced SW Development (64%), Systems Development (49%), Artificial Intelligence II (42%), Operating Systems (40%)"
138,65.8%,62.6%,(2:1) Upper Second Class,63.4,None,"Machine Learning (79%), Advanced Algorithms (78%), Advanced SW Development (74%), Systems Development (51%), Artificial Intelligence II (48%)"
139,63.5%,52.4%,(2:2) Lower Second Class,55.2,None,"Operating Systems (76%), Artificial Intelligence II (74%), Machine Learning (70%), Advanced Algorithms (58%), Advanced SW Development (56%), Systems Development (50%)"
140,60.8%,53.1%,(2:2) Lower Second Class,55.0,None,"Artificial Intelligence II (79%), Machine Learning (73%), Operating Systems (65%), Systems Development (54%), Advanced Algorithms (49%), Advanced SW Development (47%)"
141,54.1%,63.2%,(2:1) Upper Second Class,61.0,None,"Machine Learning (62%), Advanced Algorithms (57%), Advanced SW Development (57%), Artificial Intelligence II (53%), Operating Systems (47%), Systems Development (42%)"
142,63.5%,60.8%,(2:1) Upper Second Class,61.4,None,"Systems Development (82%), Advanced Algorithms (81%), Operating Systems (57%), Machine Learning (51%), Artificial Intelligence II (43%), Advanced SW Development (41%)"
143,66.3%,61.8%,(2:1) Upper Second Class,62.9,None,"Operating Systems (82%), Advanced Algorithms (77%), Systems Development (75%), Machine Learning (53%), Artificial Intelligence II (51%), Advanced SW Development (44%)"
144,62.8%,60.8%,(2:1) Upper Second Class,61.2,None,"Systems Development (83%), Advanced Algorithms (74%), Artificial Intelligence II (53%), Advanced SW Development (48%), Operating Systems (44%)"
145,74.5%,53.6%,(2:2) Lower Second Class,58.8,None,"Operating Systems (85%), Advanced SW Development (83%), Systems Development (82%), Advanced Algorithms (50%), Artificial Intelligence II (47%)"
146,69.3%,57.1%,(2:1) Upper Second Class,60.2,None,"Advanced SW Development (85%), Operating Systems (80%), Advanced Algorithms (61%), Machine Learning (58%), Systems Development (56%)"
147,50.0%,65.1%,(2:1) Upper Second Class,61.3,None,"Operating Systems (72%), Machine Learning (48%), Systems Development (47%), Advanced SW Development (45%), Artificial Intelligence II (44%)"
148,77.0%,71.0%,First Class,72.5,None,"Advanced SW Development (83%), Machine Learning (81%), Advanced Algorithms (78%), Systems Development (71%), Operating Systems (70%)"
149,67.5%,68.5%,(2:1) Upper Second Class,68.2,None,"Advanced Algorithms (80%), Operating Systems (76%), Artificial Intelligence II (72%), Advanced SW Development (61%), Systems Development (60%)"
150,61.5%,61.9%,(2:1) Upper Second Class,61.8,None,"Advanced Algorithms (79%), Operating Systems (73%), Artificial Intelligence II (60%), Machine Learning (55%), Advanced SW Development (54%), Systems Development (52%)"
151,63.9%,64.2%,(2:1) Upper Second Class,64.2,None,"Systems Development (77%), Machine Learning (76%), Artificial Intelligence II (62%), Advanced Algorithms (60%), Operating Systems (45%), Advanced SW Development (43%)"
152,53.6%,64.1%,(2:1) Upper Second Class,61.5,None,"Machine Learning (66%), Operating Systems (57%), Advanced Algorithms (57%), Advanced SW Development (52%), Systems Development (44%)"
153,73.4%,53.9%,(2:2) Lower Second Class,58.8,None,"Advanced SW Development (82%), Systems Development (79%), Operating Systems (69%), Artificial Intelligence II (61%), Machine Learning (56%)"
154,61.7%,64.2%,(2:1) Upper Second Class,63.6,None,"Machine Learning (66%), Operating Systems (65%), Advanced SW Development (64%), Artificial Intelligence II (64%), Systems Development (53%)"
155,62.5%,64.8%,(2:1) Upper Second Class,64.2,None,"Advanced SW Development (76%), Machine Learning (59%), Systems Development (57%), Artificial Intelligence II (56%), Advanced Algorithms (53%)"
156,72.3%,61.9%,(2:1) Upper Second Class,64.5,None,"Advanced SW Development (82%), Artificial Intelligence II (81%), Advanced Algorithms (76%), Operating Systems (61%), Systems Development (60%)"
157,57.2%,67.4%,(2:1) Upper Second Class,64.8,None,"Operating Systems (74%), Artificial Intelligence II (70%), Advanced SW Development (60%), Machine Learning (45%), Advanced Algorithms (44%), Systems Development (43%)"
158,75.7%,61.5%,(2:1) Upper Second Class,65.0,None,"Systems Development (81%), Operating Systems (78%), Advanced Algorithms (74%), Advanced SW Development (72%), Machine Learning (70%)"
159,77.8%,62.0%,(2:1) Upper Second Class,65.9,None,"Machine Learning (83%), Advanced SW Development (81%), Systems Development (77%), Artificial Intelligence II (72%), Advanced Algorithms (71%)"
160,70.3%,57.4%,(2:1) Upper Second Class,60.6,None,"Advanced Algorithms (85%), Artificial Intelligence II (83%), Advanced SW Development (78%), Machine Learning (60%), Systems Development (51%)"
161,64.0%,58.0%,(2:2) Lower Second Class,59.5,None,"Advanced Algorithms (72%), Advanced SW Development (72%), Systems Development (61%), Artificial Intelligence II (60%), Operating Systems (43%)"
162,55.5%,58.5%,(2:2) Lower Second Class,57.7,None,"Machine Learning (67%), Artificial Intelligence II (62%), Advanced Algorithms (60%), Advanced SW Development (52%), Operating Systems (50%), Systems Development (40%)"
163,68.8%,70.4%,(2:1) Upper Second Class,70.0,None,"Operating Systems (81%), Systems Development (75%), Artificial Intelligence II (72%), Advanced Algorithms (66%), Advanced SW Development (54%)"
164,62.2%,51.5%,(2:2) Lower Second Class,54.2,None,"Machine Learning (84%), Artificial Intelligence II (79%), Advanced Algorithms (67%), Advanced SW Development (55%), Operating Systems (45%), Systems Development (45%)"
165,81.3%,62.4%,(2:1) Upper Second Class,67.1,None,"Advanced SW Development (85%), Artificial Intelligence II (85%), Machine Learning (85%), Systems Development (79%), Advanced Algorithms (66%)"
166,63.0%,53.0%,(2:2) Lower Second Class,55.5,None,"Artificial Intelligence II (68%), Advanced Algorithms (67%), Operating Systems (62%), Machine Learning (62%), Systems Development (61%), Advanced SW Development (59%)"
167,68.4%,63.9%,(2:1) Upper Second Class,65.0,None,"Operating Systems (84%), Advanced Algorithms (82%), Machine Learning (81%), Artificial Intelligence II (71%), Advanced SW Development (54%), Systems Development (45%)"
168,60.3%,59.1%,(2:2) Lower Second Class,59.4,None,"Advanced SW Development (73%), Artificial Intelligence II (70%), Advanced Algorithms (63%), Operating Systems (51%), Machine Learning (44%), Systems Development (42%)"
169,74.7%,64.8%,(2:1) Upper Second Class,67.2,None,"Advanced SW Development (82%), Machine Learning (82%), Operating Systems (78%), Advanced Algorithms (77%), Systems Development (58%)"
170,59.6%,70.6%,(2:1) Upper Second Class,67.9,None,"Advanced Algorithms (77%), Operating Systems (72%), Machine Learning (56%), Advanced SW Development (53%), Systems Development (52%)"
171,79.2%,72.2%,First Class,74.0,None,"Operating Systems (85%), Systems Development (85%), Advanced SW Development (79%), Advanced Algorithms (73%), Artificial Intelligence II (63%)"
172,65.2%,59.1%,(2:1) Upper Second Class,60.7,None,"Advanced Algorithms (80%), Advanced SW Development (72%), Operating Systems (63%), Artificial Intelligence II (59%), Machine Learning (55%), Systems Development (51%)"
173,74.5%,60.4%,(2:1) Upper Second Class,63.9,None,"Advanced Algorithms (85%), Advanced SW Development (85%), Artificial Intelligence II (84%), Operating Systems (74%), Systems Development (50%)"
174,61.5%,62.6%,(2:1) Upper Second Class,62.3,None,"Machine Learning (78%), Advanced SW Development (72%), Operating Systems (61%), Artificial Intelligence II (53%), Advanced Algorithms (47%), Systems Development (40%)"
175,67.8%,69.1%,(2:1) Upper Second Class,68.8,None,"Machine Learning (78%), Operating Systems (76%), Advanced Algorithms (73%), Artificial Intelligence II (72%), Advanced SW Development (58%), Systems Development (55%)"
176,77.2%,56.4%,(2:1) Upper Second Class,61.6,None,"Systems Development (83%), Advanced SW Development (83%), Operating Systems (81%), Machine Learning (72%), Advanced Algorithms (45%)"
177,59.1%,70.4%,(2:1) Upper Second Class,67.6,None,"Machine Learning (82%), Operating Systems (63%), Systems Development (60%), Advanced Algorithms (49%), Advanced SW Development (48%)"
178,64.8%,63.4%,(2:1) Upper Second Class,63.7,None,"Machine Learning (85%), Advanced Algorithms (83%), Operating Systems (78%), Advanced SW Development (53%), Systems Development (48%)"
179,62.7%,62.5%,(2:1) Upper Second Class,62.5,None,"Advanced Algorithms (74%), Operating Systems (65%), Artificial Intelligence II (65%), Machine Learning (62%), Systems Development (61%), Advanced SW Development (45%)"
180,59.7%,66.9%,(2:1) Upper Second Class,65.1,None,"Artificial Intelligence II (77%), Machine Learning (75%), Advanced SW Development (55%), Operating Systems (51%), Advanced Algorithms (51%), Systems Development (51%)"
181,71.8%,72.2%,First Class,72.1,None,"Artificial Intelligence II (84%), Machine Learning (81%), Advanced Algorithms (77%), Advanced SW Development (65%), Systems Development (64%)"
182,67.6%,58.2%,(2:1) Upper Second Class,60.6,None,"Systems Development (76%), Advanced Algorithms (74%), Advanced SW Development (64%), Operating Systems (62%), Machine Learning (52%)"
183,71.1%,51.2%,(2:2) Lower Second Class,56.2,None,"Advanced SW Development (84%), Advanced Algorithms (75%), Operating Systems (71%), Systems Development (61%), Artificial Intelligence II (57%)"
184,56.8%,58.5%,(2:2) Lower Second Class,58.1,None,"Operating Systems (75%), Systems Development (62%), Advanced SW Development (51%), Machine Learning (47%), Artificial Intelligence II (46%)"
185,61.0%,68.0%,(2:1) Upper Second Class,66.2,None,"Artificial Intelligence II (83%), Operating Systems (63%), Advanced SW Development (62%), Machine Learning (53%), Systems Development (50%)"
186,61.5%,55.6%,(2:2) Lower Second Class,57.1,None,"Systems Development (82%), Artificial Intelligence II (66%), Advanced SW Development (50%), Machine Learning (50%), Advanced Algorithms (45%)"
187,58.9%,68.0%,(2:1) Upper Second Class,65.7,None,"Advanced Algorithms (82%), Machine Learning (73%), Operating Systems (61%), Artificial Intelligence II (58%), Systems Development (46%), Advanced SW Development (40%)"
188,60.5%,57.2%,(2:2) Lower Second Class,58.0,None,"Systems Development (69%), Advanced Algorithms (63%), Advanced SW Development (60%), Artificial Intelligence II (52%), Operating Systems (45%)"
189,67.2%,54.2%,(2:2) Lower Second Class,57.5,None,"Systems Development (75%), Advanced SW Development (69%), Advanced Algorithms (61%), Machine Learning (60%), Artificial Intelligence II (58%)"
190,51.4%,58.4%,(2:2) Lower Second Class,56.6,None,"Operating Systems (60%), Artificial Intelligence II (57%), Systems Development (50%), Advanced SW Development (48%), Advanced Algorithms (44%)"
191,65.0%,68.1%,(2:1) Upper Second Class,67.3,None,"Artificial Intelligence II (70%), Advanced Algorithms (67%), Operating Systems (66%), Advanced SW Development (64%), Machine Learning (63%), Systems Development (59%)"
192,64.5%,67.1%,(2:1) Upper Second Class,66.5,None,"Machine Learning (76%), Advanced SW Development (70%), Systems Development (68%), Artificial Intelligence II (49%), Advanced Algorithms (43%)"
193,67.0%,60.5%,(2:1) Upper Second Class,62.1,None,"Systems Development (85%), Artificial Intelligence II (82%), Advanced Algorithms (59%), Advanced SW Development (52%), Machine Learning (48%)"
194,61.1%,66.4%,(2:1) Upper Second Class,65.1,None,"Advanced SW Development (78%), Advanced Algorithms (67%), Operating Systems (58%), Systems Development (48%), Machine Learning (46%)"
195,62.5%,71.5%,(2:1) Upper Second Class,69.2,None,"Advanced SW Development (78%), Advanced Algorithms (67%), Artificial Intelligence II (62%), Operating Systems (54%), Machine Learning (47%), Systems Development (46%)"
196,65.9%,65.6%,(2:1) Upper Second Class,65.7,None,"Advanced Algorithms (74%), Advanced SW Development (71%), Operating Systems (64%), Systems Development (60%), Artificial Intelligence II (59%)"
197,69.7%,56.0%,(2:2) Lower Second Class,59.4,None,"Advanced SW Development (84%), Machine Learning (82%), Operating Systems (64%), Advanced Algorithms (59%), Systems Development (55%)"
198,60.0%,63.2%,(2:1) Upper Second Class,62.4,None,"Advanced SW Development (68%), Artificial Intelligence II (65%), Systems Development (60%), Operating Systems (51%), Machine Learning (42%)"
199,59.1%,51.8%,Fail,0,Distributed&Enterprise SW Development,"Artificial Intelligence II (77%), Operating Systems (67%), Machine Learning (61%), Advanced SW Development (54%), Advanced Algorithms (51%), Systems Development (45%)"
200,53.7%,62.0%,(2:2) Lower Second Class,59.9,None,"Operating Systems (59%), Embedded Systems Programming  (56%), Internet of Things (55%), Advanced Algorithms (54%), Digital Design  (51%), Systems Development (48%)"
201,65.5%,59.4%,(2:1) Upper Second Class,60.9,None,"Digital Design  (78%), Operating Systems (70%), Embedded Systems Programming  (66%), Internet of Things (62%), Advanced Algorithms (53%), Systems Development (45%)"
202,65.8%,52.0%,(2:2) Lower Second Class,55.5,None,"Digital Design  (77%), Embedded Systems Programming  (73%), Operating Systems (63%), Internet of Things (57%), Systems Development (55%)"
203,67.2%,63.0%,(2:1) Upper Second Class,64.0,None,"Operating Systems (85%), Systems Development (71%), Internet of Things (67%), Digital Design  (58%), Embedded Systems Programming  (57%)"
204,67.6%,61.1%,(2:1) Upper Second Class,62.7,None,"Digital Design  (79%), Internet of Things (71%), Systems Development (66%), Embedded Systems Programming  (59%), Operating Systems (46%)"
205,73.3%,52.4%,(2:2) Lower Second Class,57.6,None,"Embedded Systems Programming  (85%), Systems Development (77%), Internet of Things (71%), Advanced Algorithms (67%), Digital Design  (67%)"
206,71.5%,60.0%,(2:1) Upper Second Class,62.9,None,"Internet of Things (80%), Digital Design  (79%), Systems Development (73%), Operating Systems (59%), Embedded Systems Programming  (50%)"
207,60.5%,54.8%,(2:2) Lower Second Class,56.2,None,"Digital Design  (71%), Embedded Systems Programming  (62%), Internet of Things (60%), Advanced Algorithms (58%), Systems Development (49%)"
208,70.4%,64.2%,(2:1) Upper Second Class,65.8,None,"Operating Systems (82%), Systems Development (82%), Embedded Systems Programming  (78%), Internet of Things (62%), Advanced Algorithms (56%), Digital Design  (41%)"
209,60.8%,66.9%,(2:1) Upper Second Class,65.4,None,"Advanced Algorithms (76%), Embedded Systems Programming  (73%), Systems Development (68%), Operating Systems (51%), Internet of Things (42%), Digital Design  (41%)"
210,67.7%,70.2%,(2:1) Upper Second Class,69.6,None,"Operating Systems (78%), Internet of Things (78%), Systems Development (72%), Embedded Systems Programming  (71%), Advanced Algorithms (49%), Digital Design  (47%)"
211,60.5%,60.1%,(2:1) Upper Second Class,60.2,None,"Systems Development (83%), Operating Systems (63%), Advanced Algorithms (54%), Digital Design  (46%), Embedded Systems Programming  (43%)"
212,66.7%,54.5%,(2:2) Lower Second Class,57.5,None,"Digital Design  (79%), Advanced Algorithms (71%), Operating Systems (66%), Systems Development (59%), Internet of Things (47%)"
213,57.4%,63.1%,(2:1) Upper Second Class,61.7,None,"Advanced Algorithms (76%), Systems Development (64%), Internet of Things (59%), Operating Systems (49%), Embedded Systems Programming  (44%), Digital Design  (40%)"
214,55.4%,51.0%,(2:2) Lower Second Class,52.1,None,"Digital Design  (66%), Advanced Algorithms (54%), Operating Systems (53%), Embedded Systems Programming  (52%), Systems Development (47%)"
215,71.8%,65.2%,(2:1) Upper Second Class,66.9,None,"Embedded Systems Programming  (81%), Advanced Algorithms (77%), Operating Systems (75%), Systems Development (67%), Digital Design  (67%)"
216,58.6%,68.2%,(2:1) Upper Second Class,65.8,None,"Embedded Systems Programming  (78%), Operating Systems (61%), Digital Design  (58%), Advanced Algorithms (55%), Internet of Things (49%), Systems Development (48%)"
217,63.6%,64.6%,(2:1) Upper Second Class,64.4,None,"Digital Design  (77%), Embedded Systems Programming  (64%), Systems Development (62%), Operating Systems (54%), Advanced Algorithms (42%)"
218,76.1%,49.5%,(2:2) Lower Second Class,56.1,None,"Systems Development (85%), Digital Design  (85%), Operating Systems (78%), Internet of Things (54%), Embedded Systems Programming  (53%)"
219,60.6%,58.1%,(2:2) Lower Second Class,58.8,None,"Operating Systems (64%), Systems Development (64%), Advanced Algorithms (63%), Internet of Things (57%), Embedded Systems Programming  (57%), Digital Design  (53%)"
220,60.4%,64.2%,(2:1) Upper Second Class,63.3,None,"Advanced Algorithms (76%), Operating Systems (66%), Digital Design  (64%), Systems Development (50%), Embedded Systems Programming  (49%)"
221,69.0%,54.2%,(2:2) Lower Second Class,57.9,None,"Advanced Algorithms (83%), Digital Design  (82%), Operating Systems (63%), Embedded Systems Programming  (60%), Internet of Things (59%), Systems Development (46%)"
222,75.7%,65.0%,(2:1) Upper Second Class,67.7,None,"Systems Development (85%), Internet of Things (78%), Operating Systems (74%), Embedded Systems Programming  (74%), Advanced Algorithms (73%), Digital Design  (53%)"
223,60.5%,65.5%,(2:1) Upper Second Class,64.2,None,"Systems Development (75%), Operating Systems (60%), Digital Design  (54%), Embedded Systems Programming  (52%), Internet of Things (50%)"
224,64.3%,49.2%,(2:2) Lower Second Class,53.0,None,"Operating Systems (78%), Digital Design  (78%), Embedded Systems Programming  (64%), Advanced Algorithms (59%), Systems Development (43%)"
225,69.8%,72.4%,First Class,71.7,None,"Advanced Algorithms (82%), Embedded Systems Programming  (82%), Digital Design  (76%), Operating Systems (59%), Internet of Things (58%), Systems Development (49%)"
226,65.2%,54.9%,(2:2) Lower Second Class,57.5,None,"Embedded Systems Programming  (85%), Operating Systems (79%), Advanced Algorithms (75%), Internet of Things (56%), Digital Design  (54%), Systems Development (48%)"
227,57.8%,68.5%,(2:1) Upper Second Class,65.8,None,"Operating Systems (77%), Advanced Algorithms (73%), Embedded Systems Programming  (62%), Systems Development (49%), Digital Design  (45%)"
228,55.4%,67.0%,(2:1) Upper Second Class,64.1,None,"Internet of Things (82%), Operating Systems (68%), Systems Development (50%), Digital Design  (45%), Advanced Algorithms (44%)"
229,65.2%,57.2%,(2:2) Lower Second Class,59.2,None,"Systems Development (82%), Embedded Systems Programming  (77%), Internet of Things (60%), Operating Systems (53%), Advanced Algorithms (52%), Digital Design  (43%)"
230,64.5%,63.1%,(2:1) Upper Second Class,63.5,None,"Embedded Systems Programming  (79%), Operating Systems (75%), Digital Design  (65%), Internet of Things (64%), Systems Development (49%)"
231,72.2%,54.1%,(2:2) Lower Second Class,58.6,None,"Systems Development (84%), Digital Design  (76%), Embedded Systems Programming  (66%), Advanced Algorithms (60%), Internet of Things (53%)"
232,58.9%,70.1%,(2:1) Upper Second Class,67.3,None,"Digital Design  (79%), Operating Systems (55%), Embedded Systems Programming  (50%), Systems Development (49%), Advanced Algorithms (47%)"
233,71.3%,58.0%,(2:1) Upper Second Class,61.3,None,"Advanced Algorithms (81%), Systems Development (81%), Embedded Systems Programming  (67%), Digital Design  (64%), Operating Systems (56%)"
234,61.5%,62.1%,(2:1) Upper Second Class,62.0,None,"Internet of Things (84%), Advanced Algorithms (75%), Embedded Systems Programming  (58%), Systems Development (57%), Operating Systems (48%), Digital Design  (47%)"
235,76.0%,60.6%,(2:1) Upper Second Class,64.5,None,"Internet of Things (82%), Advanced Algorithms (81%), Digital Design  (75%), Systems Development (74%), Embedded Systems Programming  (69%)"
236,63.4%,69.6%,(2:1) Upper Second Class,68.1,None,"Operating Systems (76%), Advanced Algorithms (71%), Systems Development (68%), Internet of Things (67%), Embedded Systems Programming  (45%), Digital Design  (41%)"
237,51.6%,59.0%,(2:2) Lower Second Class,57.2,None,"Operating Systems (70%), Digital Design  (58%), Embedded Systems Programming  (45%), Internet of Things (44%), Advanced Algorithms (42%), Systems Development (41%)"
238,76.3%,59.0%,(2:1) Upper Second Class,63.3,None,"Internet of Things (85%), Digital Design  (81%), Systems Development (78%), Operating Systems (68%), Advanced Algorithms (57%)"
239,65.5%,72.0%,First Class,70.4,None,"Advanced Algorithms (84%), Embedded Systems Programming  (79%), Internet of Things (66%), Digital Design  (63%), Systems Development (49%)"
240,64.9%,60.4%,(2:1) Upper Second Class,61.5,None,"Embedded Systems Programming  (85%), Internet of Things (83%), Operating Systems (68%), Systems Development (57%), Advanced Algorithms (52%), Digital Design  (46%)"
241,65.6%,64.9%,(2:1) Upper Second Class,65.1,None,"Internet of Things (81%), Advanced Algorithms (77%), Systems Development (62%), Digital Design  (59%), Embedded Systems Programming  (56%)"
242,47.6%,54.2%,(2:2) Lower Second Class,52.6,None,"Operating Systems (56%), Embedded Systems Programming  (47%), Digital Design  (47%), Advanced Algorithms (46%), Internet of Things (45%), Systems Development (44%)"
243,59.2%,56.8%,(2:2) Lower Second Class,57.4,None,"Internet of Things (80%), Advanced Algorithms (77%), Systems Development (55%), Operating Systems (52%), Embedded Systems Programming  (46%), Digital Design  (45%)"
244,68.4%,52.1%,(2:2) Lower Second Class,56.2,None,"Systems Development (80%), Operating Systems (73%), Internet of Things (71%), Embedded Systems Programming  (62%), Digital Design  (54%)"
245,62.8%,52.8%,(2:2) Lower Second Class,55.3,None,"Digital Design  (74%), Operating Systems (66%), Internet of Things (66%), Embedded Systems Programming  (63%), Advanced Algorithms (47%), Systems Development (43%)"
246,66.4%,62.2%,(2:1) Upper Second Class,63.3,None,"Embedded Systems Programming  (85%), Operating Systems (75%), Systems Development (67%), Internet of Things (67%), Digital Design  (49%)"
247,54.1%,62.2%,(2:1) Upper Second Class,60.2,None,"Digital Design  (61%), Embedded Systems Programming  (60%), Advanced Algorithms (56%), Systems Development (46%), Internet of Things (46%)"
248,67.7%,63.9%,(2:1) Upper Second Class,64.8,None,"Digital Design  (85%), Embedded Systems Programming  (78%), Operating Systems (63%), Advanced Algorithms (61%), Internet of Things (50%), Systems Development (44%)"
249,72.9%,68.9%,(2:1) Upper Second Class,69.9,None,"Digital Design  (80%), Systems Development (76%), Advanced Algorithms (75%), Operating Systems (65%), Internet of Things (51%)"
250,69.3%,70.6%,First Class,70.3,None,"Internet of Things (83%), Embedded Systems Programming  (80%), Operating Systems (79%), Systems Development (71%), Advanced Algorithms (48%), Digital Design  (45%)"
251,62.4%,56.5%,(2:2) Lower Second Class,58.0,None,"Embedded Systems Programming  (85%), Advanced Algorithms (77%), Operating Systems (63%), Internet of Things (58%), Digital Design  (50%), Systems Development (49%)"
252,70.2%,59.5%,(2:1) Upper Second Class,62.2,None,"Digital Design  (83%), Internet of Things (68%), Systems Development (66%), Embedded Systems Programming  (63%), Operating Systems (59%)"
253,71.5%,63.4%,(2:1) Upper Second Class,65.4,None,"Operating Systems (84%), Advanced Algorithms (83%), Embedded Systems Programming  (67%), Digital Design  (67%), Systems Development (65%)"
254,63.0%,67.6%,(2:1) Upper Second Class,66.5,None,"Advanced Algorithms (85%), Systems Development (66%), Embedded Systems Programming  (59%), Digital Design  (57%), Internet of Things (45%)"
255,66.2%,77.1%,First Class,74.4,None,"Embedded Systems Programming  (83%), Advanced Algorithms (77%), Digital Design  (67%), Operating Systems (63%), Internet of Things (58%), Systems Development (40%)"
256,71.5%,56.2%,(2:1) Upper Second Class,60.0,None,"Internet of Things (85%), Digital Design  (77%), Systems Development (69%), Operating Systems (64%), Advanced Algorithms (53%)"
257,77.7%,60.9%,(2:1) Upper Second Class,65.1,None,"Systems Development (81%), Embedded Systems Programming  (81%), Advanced Algorithms (80%), Digital Design  (76%), Internet of Things (64%)"
258,67.0%,66.4%,(2:1) Upper Second Class,66.5,None,"Internet of Things (82%), Operating Systems (75%), Embedded Systems Programming  (75%), Advanced Algorithms (65%), Digital Design  (57%), Systems Development (53%)"
259,65.0%,66.2%,(2:1) Upper Second Class,65.9,None,"Systems Development (83%), Operating Systems (77%), Embedded Systems Programming  (60%), Advanced Algorithms (50%), Digital Design  (48%)"
260,60.4%,64.0%,(2:1) Upper Second Class,63.1,None,"Operating Systems (81%), Advanced Algorithms (67%), Embedded Systems Programming  (60%), Digital Design  (56%), Internet of Things (55%), Systems Development (41%)"
261,57.1%,67.6%,(2:1) Upper Second Class,65.0,None,"Advanced Algorithms (70%), Operating Systems (61%), Systems Development (58%), Embedded Systems Programming  (58%), Internet of Things (49%), Digital Design  (40%)"
262,70.2%,63.6%,(2:1) Upper Second Class,65.3,None,"Embedded Systems Programming  (79%), Internet of Things (77%), Systems Development (70%), Operating Systems (68%), Advanced Algorithms (65%), Digital Design  (59%)"
263,61.2%,62.8%,(2:1) Upper Second Class,62.4,None,"Internet of Things (76%), Embedded Systems Programming  (65%), Digital Design  (63%), Operating Systems (56%), Systems Development (51%)"
264,67.2%,52.4%,(2:2) Lower Second Class,56.1,None,"Internet of Things (79%), Systems Development (73%), Embedded Systems Programming  (66%), Digital Design  (60%), Advanced Algorithms (55%)"
265,61.8%,67.6%,(2:1) Upper Second Class,66.2,None,"Digital Design  (81%), Operating Systems (66%), Internet of Things (58%), Advanced Algorithms (51%), Systems Development (45%)"
266,68.4%,56.2%,(2:2) Lower Second Class,59.3,None,"Operating Systems (80%), Systems Development (73%), Digital Design  (66%), Embedded Systems Programming  (60%), Internet of Things (57%)"
267,65.5%,57.5%,(2:2) Lower Second Class,59.5,None,"Internet of Things (84%), Operating Systems (81%), Systems Development (73%), Digital Design  (48%), Advanced Algorithms (44%)"
268,61.2%,68.1%,(2:1) Upper Second Class,66.4,None,"Systems Development (74%), Internet of Things (68%), Embedded Systems Programming  (68%), Advanced Algorithms (53%), Operating Systems (43%), Digital Design  (42%)"
269,61.5%,65.2%,(2:1) Upper Second Class,64.3,None,"Systems Development (67%), Embedded Systems Programming  (63%), Digital Design  (61%), Advanced Algorithms (56%), Operating Systems (52%)"
270,54.5%,68.0%,(2:1) Upper Second Class,64.6,None,"Internet of Things (67%), Operating Systems (62%), Embedded Systems Programming  (61%), Advanced Algorithms (58%), Systems Development (44%), Digital Design  (41%)"
271,67.5%,70.0%,(2:1) Upper Second Class,69.4,None,"Systems Development (82%), Internet of Things (81%), Operating Systems (69%), Embedded Systems Programming  (54%), Digital Design  (49%)"
272,63.5%,59.0%,(2:1) Upper Second Class,60.1,None,"Operating Systems (79%), Digital Design  (77%), Internet of Things (54%), Systems Development (53%), Embedded Systems Programming  (45%)"
273,52.0%,69.1%,(2:1) Upper Second Class,64.8,None,"Operating Systems (74%), Advanced Algorithms (70%), Internet of Things (49%), Systems Development (43%), Embedded Systems Programming  (41%), Digital Design  (40%)"
274,62.8%,69.8%,(2:1) Upper Second Class,68.0,None,"Embedded Systems Programming  (85%), Internet of Things (74%), Operating Systems (71%), Advanced Algorithms (70%), Systems Development (46%), Digital Design  (40%)"
275,60.5%,65.8%,(2:1) Upper Second Class,64.4,None,"Internet of Things (80%), Advanced Algorithms (70%), Systems Development (61%), Operating Systems (57%), Embedded Systems Programming  (47%), Digital Design  (41%)"
276,70.1%,58.4%,(2:1) Upper Second Class,61.3,None,"Operating Systems (82%), Systems Development (75%), Advanced Algorithms (72%), Digital Design  (62%), Internet of Things (59%)"
277,63.1%,54.4%,(2:2) Lower Second Class,56.6,None,"Embedded Systems Programming  (79%), Operating Systems (76%), Internet of Things (72%), Systems Development (62%), Advanced Algorithms (43%), Digital Design  (40%)"
278,68.0%,62.2%,(2:1) Upper Second Class,63.7,None,"Operating Systems (80%), Advanced Algorithms (76%), Embedded Systems Programming  (75%), Systems Development (71%), Internet of Things (52%), Digital Design  (43%)"
279,68.9%,68.1%,(2:1) Upper Second Class,68.3,None,"Internet of Things (82%), Systems Development (70%), Embedded Systems Programming  (69%), Operating Systems (67%), Advanced Algorithms (64%), Digital Design  (56%)"
280,63.7%,67.0%,(2:1) Upper Second Class,66.2,None,"Advanced Algorithms (72%), Digital Design  (70%), Operating Systems (69%), Embedded Systems Programming  (64%), Internet of Things (51%), Systems Development (43%)"
281,62.4%,62.5%,(2:1) Upper Second Class,62.5,None,"Advanced Algorithms (83%), Digital Design  (66%), Embedded Systems Programming  (63%), Internet of Things (57%), Operating Systems (52%), Systems Development (43%)"
282,67.8%,65.2%,(2:1) Upper Second Class,65.9,None,"Internet of Things (81%), Systems Development (80%), Embedded Systems Programming  (61%), Advanced Algorithms (58%), Digital Design  (55%)"
283,69.7%,63.1%,(2:1) Upper Second Class,64.8,None,"Systems Development (80%), Internet of Things (75%), Digital Design  (69%), Advanced Algorithms (59%), Embedded Systems Programming  (49%)"
284,64.4%,67.2%,(2:1) Upper Second Class,66.5,None,"Embedded Systems Programming  (81%), Operating Systems (79%), Internet of Things (69%), Advanced Algorithms (67%), Digital Design  (53%), Systems Development (41%)"
285,62.9%,71.2%,(2:1) Upper Second Class,69.2,None,"Operating Systems (81%), Advanced Algorithms (68%), Digital Design  (67%), Internet of Things (59%), Embedded Systems Programming  (47%), Systems Development (45%)"
286,64.2%,57.2%,(2:2) Lower Second Class,59.0,None,"Systems Development (74%), Internet of Things (70%), Digital Design  (60%), Operating Systems (54%), Advanced Algorithms (54%)"
287,59.1%,52.2%,(2:2) Lower Second Class,54.0,None,"Digital Design  (78%), Advanced Algorithms (56%), Systems Development (56%), Embedded Systems Programming  (43%), Internet of Things (41%)"
288,57.7%,60.8%,(2:2) Lower Second Class,60.0,None,"Advanced Algorithms (62%), Systems Development (62%), Embedded Systems Programming  (62%), Operating Systems (56%), Internet of Things (52%), Digital Design  (43%)"
289,74.0%,58.1%,(2:1) Upper Second Class,62.1,None,"Operating Systems (83%), Digital Design  (81%), Internet of Things (79%), Systems Development (66%), Advanced Algorithms (56%)"
290,65.2%,57.8%,(2:2) Lower Second Class,59.6,None,"Internet of Things (85%), Embedded Systems Programming  (83%), Digital Design  (58%), Systems Development (57%), Advanced Algorithms (55%)"
291,67.6%,62.9%,(2:1) Upper Second Class,64.1,None,"Systems Development (83%), Digital Design  (82%), Operating Systems (47%), Advanced Algorithms (45%), Embedded Systems Programming  (43%)"
292,55.2%,54.6%,(2:2) Lower Second Class,54.8,None,"Embedded Systems Programming  (84%), Digital Design  (60%), Operating Systems (51%), Internet of Things (45%), Advanced Algorithms (41%), Systems Development (41%)"
293,71.6%,55.5%,(2:2) Lower Second Class,59.5,None,"Internet of Things (85%), Systems Development (76%), Advanced Algorithms (69%), Embedded Systems Programming  (68%), Digital Design  (62%)"
294,69.8%,61.6%,(2:1) Upper Second Class,63.7,None,"Embedded Systems Programming  (83%), Advanced Algorithms (78%), Operating Systems (75%), Systems Development (67%), Internet of Things (62%), Digital Design  (50%)"
295,67.7%,64.1%,(2:1) Upper Second Class,65.0,None,"Embedded Systems Programming  (77%), Operating Systems (74%), Internet of Things (68%), Digital Design  (67%), Advanced Algorithms (59%), Systems Development (59%)"
296,57.4%,63.6%,(2:1) Upper Second Class,62.1,None,"Internet of Things (79%), Advanced Algorithms (66%), Embedded Systems Programming  (55%), Operating Systems (51%), Digital Design  (50%), Systems Development (47%)"
297,69.8%,62.2%,(2:1) Upper Second Class,64.1,None,"Systems Development (78%), Advanced Algorithms (72%), Digital Design  (72%), Internet of Things (57%), Operating Systems (54%)"
298,67.2%,65.6%,(2:1) Upper Second Class,66.0,None,"Embedded Systems Programming  (85%), Internet of Things (71%), Digital Design  (69%), Systems Development (59%), Advanced Algorithms (54%)"
299,64.1%,63.6%,Fail,0,Principles of Programming,"Operating Systems (80%), Internet of Things (71%), Embedded Systems Programming  (64%), Systems Development (62%), Digital Design  (53%)"
